ID,País,Año,Consumo_Energia_Fosil (GWh),Consumo_Energia_Renovable (GWh),Inversion_Renovable (Millones_USD),Emisiones_CO2 (Toneladas),Poblacion (Miles),PIB (Millones_USD),Tasa_Crecimiento_Economico (%),Fuente_Datos
1.0,Francia,2016.0,45854.0,21918.0,2119.0,1131876.0,41948.0,321439.0,2.61,Encuesta
2.0,Alemania,2013.0,50801.0,8151.0,2430.0,922704.0,59578.0,282944.0,2.65,
3.0,,2022.0,41068.0,,2530.0,1067902.0,57792.0,291676.0,3.68,Base de Datos Pública
4.0,Dinamarca,2020.0,46651.0,,2841.0,870845.0,47094.0,310593.0,3.66,Reporte
5.0,Países Bajos,2017.0,65603.0,12828.0,2392.0,817859.0,64110.0,255222.0,2.38,Reporte
6.0,Portugal,2022.0,51285.0,22905.0,3026.0,1018372.0,45945.0,349800.0,2.75,Reporte
7.0,Alemania,2014.0,55495.0,12379.0,2502.0,622959.0,46391.0,314432.0,3.15,Encuesta
8.0,Italia,2016.0,37291.0,16007.0,3561.0,940746.0,15285.0,303738.0,1.36,Otro
9.0,Reino Unido,2019.0,73890.0,26706.0,3824.0,678724.0,54090.0,359624.0,3.71,Encuesta
10.0,Italia,2012.0,68434.0,15581.0,3086.0,1155846.0,36744.0,293994.0,4.23,Otro
11.0,Italia,2016.0,63634.0 err,22869.0,3370.0,1210022.0,44492.0,290878.0,3.67,Investigación
12.0,Francia,,58287.0,11232.0,4694.0,827209.0,39737.0,275768.0,1.25,Encuesta
13.0,España,2020.0,50151.0,30406.0,,1085662.0,46337.0,317153.0,0.53,Encuesta
14.0,España,2017.0,54420.0,18477.0,2013.0,1179827.0,54438.0,315422.0,3.21,Encuesta
15.0,Italia,2014.0,60480.0,20476.0,3555.0,1180493.0,50111.0,266685.0,1.74,Reporte
16.0,Noruega,2013.0,43714.0,20895.0,4557.0,1042890.0,,291115.0,2.79,Reporte
17.0,Países Bajos,2017.0,45555.0,23037.0,,1146860.0,62656.0,267019.0,4.04,Otro
18.0,Alemania,2017.0,33308.0,12404.0,4381.0,870133.0,46312.0,264756.0,1.84,Otro
19.0,Noruega,2012.0,42281.0,19973.0,3077.0 err,1016624.0,45214.0,213505.0,2.12,Encuesta
20.0,Suecia,2015.0,66613.0,16706.0,2455.0,906579.0,,288454.0,2.78,Otro
21.0,Países Bajos,2014.0,46657.0,11552.0,2207.0,853242.0,60370.0,214889.0,1.2,
22.0,Italia,2011.0,46821.0,24935.0,3503.0,1007212.0,57405.0,276859.0,1.74,Otro
23.0,Suecia,,53177.0,18239.0,2268.0,1069506.0,40478.0,269365.0,2.52,
24.0,Noruega,2021.0,33877.0,21212.0,3065.0,1232701.0,54226.0,352594.0,2.2,Reporte
25.0,Suecia,2023.0,59453.0,20899.0,4266.0,1053031.0,51094.0,249253.0,3.11,Investigación
26.0,Italia,2015.0,62664.0,18325.0,2754.0,1128386.0,60525.0,,5.27,Otro
27.0,Francia,2011.0,53772.0,29875.0,4051.0,1130656.0,44271.0,280923.0,2.6,Base de Datos Pública
,España,2021.0,66513.0,19763.0,2028.0,1537506.0,33333.0,270992.0,1.66,Encuesta
29.0,Alemania,2014.0,36731.0,12210.0,2572.0,637993.0,56902.0,368462.0,3.92,Reporte
30.0,Suecia,2010.0,68437.0,17998.0,1874.0,862413.0,24416.0,243071.0,0.91,Investigación
31.0,Italia,2021.0,42692.0,22498.0,3058.0,1294811.0,42684.0,281029.0,1.11,Base de Datos Pública
32.0,Francia,2019.0,37200.0,22662.0,3624.0,929597.0,39768.0,316603.0,1.9,Base de Datos Pública
,Dinamarca,2015.0,47626.0,14561.0,3060.0,1177160.0 err,39700.0,344059.0,2.22,Reporte
34.0,Noruega,2022.0,68720.0,24647.0,3981.0,1046001.0,,,1.88,Reporte
35.0,España,2021.0,49805.0,11185.0,2400.0,,62173.0,204095.0,2.47,Base de Datos Pública
36.0,Dinamarca,2018.0,40674.0,25720.0,3180.0,777389.0,58205.0,292494.0,2.77,Encuesta
37.0,Italia,2010.0,37050.0,13403.0,2578.0,1244360.0,47482.0,367601.0 err,,Encuesta
38.0,,2020.0,48948.0,18868.0,3289.0,1349916.0,61336.0,314109.0,2.59,Investigación
,Noruega,2020.0,30050.0,25322.0,3402.0,797116.0,39377.0,311820.0,1.94,Encuesta
40.0,Francia,2019.0,36998.0,20598.0,3465.0,1156574.0,,246849.0,3.51,Base de Datos Pública
41.0,Noruega,2021.0,65430.0,24083.0,2143.0,806900.0,,241716.0,1.68,Base de Datos Pública
42.0,Dinamarca,2021.0,63232.0,23093.0,2288.0,1006032.0,55796.0,300902.0,0.87,Otro
43.0,Dinamarca,2023.0,48715.0,26431.0,2436.0,948682.0,45397.0,228681.0,3.71,Base de Datos Pública
44.0,Países Bajos,2023.0,45343.0,25311.0,2808.0,519449.0,38645.0,339068.0,,Encuesta
45.0,Portugal,2023.0,50585.0,17731.0,3069.0,1084846.0,64597.0,257667.0,1.71,Investigación
46.0,Noruega,2012.0,73479.0,23164.0,3566.0 err,1028667.0,32798.0,298767.0,,Otro
47.0,Países Bajos,2021.0,54049.0,12367.0,2321.0,1295815.0,44015.0,205711.0,1.58,Encuesta
48.0,Dinamarca,2016.0,59097.0,19710.0,1719.0,1122228.0,52285.0,280309.0,2.83,Investigación
49.0,Suecia,2013.0,47975.0,24092.0,4724.0,1458176.0,68021.0,240706.0,4.23,Encuesta
,Dinamarca,2018.0,50608.0,20669.0,2094.0,1021408.0,53831.0,183902.0,3.2,Otro
51.0,Noruega,2012.0,56471.0,,3669.0,978893.0,54803.0,327092.0,3.54,Base de Datos Pública
52.0,Francia,2014.0,51260.0,18933.0,3025.0,963128.0,44306.0,382057.0,3.32,Otro
53.0,Noruega,2012.0,31026.0,25645.0,3201.0,912082.0,55684.0,356473.0,2.5,Base de Datos Pública
54.0,,2016.0,62805.0,19597.0,2998.0,558449.0,51053.0,334084.0,3.58,Otro
55.0,Reino Unido,2014.0,43848.0,17672.0,2692.0,955961.0,34115.0,279293.0,3.25,Reporte
56.0,Italia,2018.0,,24432.0,3371.0,586429.0,57929.0,340294.0,3.94,Encuesta
57.0,Reino Unido,2016.0,56868.0,12974.0,2649.0,1090406.0,59703.0,361192.0,2.04 err,Encuesta
58.0,Dinamarca,2011.0,50709.0,22505.0,3933.0,751987.0,58033.0,306841.0,0.76,Reporte
59.0,Noruega,2013.0,54393.0,14787.0,3454.0,821133.0,50333.0,240781.0,3.55,Base de Datos Pública
60.0,Italia,2018.0,48915.0,26389.0,3479.0,,40438.0,275030.0,2.85,Encuesta
61.0,Reino Unido,2021.0,45135.0,18694.0,2594.0,959012.0,26908.0,385134.0,2.2,Reporte
62.0,Noruega,2023.0,52075.0,20674.0,2810.0,1001373.0,51570.0,296262.0,2.26,Encuesta
63.0,Alemania,,58849.0,22062.0,2049.0,1216895.0,60819.0,133762.0,5.05,Investigación
64.0,Reino Unido,2019.0,45354.0,10351.0,2717.0,884493.0,59955.0,226553.0,1.86,Base de Datos Pública
65.0,Italia,2018.0,43777.0,16747.0,2170.0,1096029.0,58160.0,278777.0,1.65,Investigación
66.0,Reino Unido,2019.0,46445.0,25217.0,4050.0,1546173.0,49257.0,351791.0,2.59,
67.0,Portugal,2014.0,59520.0,24338.0,3040.0,1075470.0,60874.0,286343.0,3.68,Reporte
68.0,Portugal,2011.0,64525.0,,3136.0,963902.0,59241.0,352721.0,4.78,Base de Datos Pública
69.0,Dinamarca,2013.0,53620.0,13252.0,2819.0,844169.0,45773.0,273691.0,3.16,Base de Datos Pública
70.0,Alemania,2021.0,55813.0 err,,3158.0,,56765.0,201785.0,1.23,Reporte
71.0,Francia,2021.0,43702.0,23566.0,4971.0,822755.0,44640.0,275421.0,4.47,Base de Datos Pública
72.0,Francia,2016.0,58767.0,20235.0 err,2759.0,1053732.0,55400.0,317247.0,2.48,Encuesta
73.0,Italia,2021.0,55517.0,26115.0,2479.0,1020708.0,37008.0,313097.0,1.66,Otro
74.0,Suecia,2022.0,42898.0,16582.0,3423.0,567556.0,37777.0,237244.0,1.42,Reporte
75.0,Francia,2017.0,32123.0,17450.0 err,979.0,996288.0,60582.0,282440.0,3.34,
76.0,Italia,2012.0,37794.0,7576.0,3051.0,1215229.0,59375.0,434233.0,2.74,Reporte
77.0,Alemania,2023.0,43307.0,24599.0,2702.0,920177.0,,238336.0,2.85,Reporte
78.0,Suecia,2010.0,61619.0,21569.0,2206.0,869420.0,50879.0,333036.0,3.79,Investigación
79.0,,2013.0,65528.0,11590.0,3406.0,724459.0,26087.0 err,195166.0,1.7,Investigación
80.0,Portugal,2011.0,45604.0,11207.0,3043.0,628401.0,49251.0,343189.0,3.87,Base de Datos Pública
81.0,Dinamarca,2017.0,45920.0,15636.0,1558.0,1166269.0,54541.0,255383.0,1.98,Otro
82.0,Noruega,2013.0,52616.0,,2482.0,963704.0,44652.0,320104.0,4.66,Reporte
83.0,Suecia,2011.0,50121.0,18498.0,689.0,1154404.0,42875.0,235423.0,3.1,Base de Datos Pública
84.0,España,2023.0,59309.0,15976.0,3234.0,1306264.0,64444.0,314542.0,1.58,Encuesta
85.0,Italia,2015.0,44768.0,14969.0,3226.0,1184249.0,49397.0 err,254567.0,0.47,Reporte
86.0,Suecia,2015.0,59491.0,14745.0,2365.0,891525.0,54547.0,264247.0,3.31,Encuesta
87.0,Suecia,2019.0,47607.0,10331.0,3432.0,1028973.0,57741.0,322099.0,2.13 err,Base de Datos Pública
88.0,Países Bajos,2013.0,58539.0,13963.0,1974.0,877045.0,39985.0,278480.0,2.34,Investigación
89.0,España,2015.0,47289.0,14647.0,2226.0,858342.0,51932.0,319019.0,,Base de Datos Pública
90.0,Países Bajos,2022.0,43869.0,23413.0,3333.0,1068563.0,63196.0,290457.0,3.51,Encuesta
91.0,,2011.0,69123.0,19171.0,2449.0,833541.0,68192.0,303374.0,3.72 err,Reporte
92.0,Noruega,2019.0,60652.0,15872.0,2949.0,558169.0,50399.0,322254.0,1.33,Otro
93.0,España,2021.0,32079.0,31548.0,2549.0,822370.0,47620.0,282499.0,3.93,Base de Datos Pública
94.0,,2011.0,45532.0,16680.0,2671.0,938623.0,52690.0,250197.0,1.92,Reporte
,Reino Unido,2019.0,62049.0,25835.0,2706.0,1304279.0,52436.0,273384.0,0.24,Investigación
96.0,Suecia,2023.0,38033.0,28105.0,2434.0,901812.0,63867.0,359756.0,1.32,Investigación
97.0,Suecia,2013.0,57706.0,12150.0,3241.0,1102384.0,40036.0,305808.0,2.72,
98.0,Dinamarca,2023.0,56670.0,20369.0,2497.0,966338.0,,257755.0,1.52,Reporte
99.0,Dinamarca,2017.0,43008.0,17412.0,3012.0,1245281.0,38828.0,320078.0,,Base de Datos Pública
100.0,Países Bajos,2023.0,49911.0,17005.0,2417.0,1231419.0,39879.0,323415.0,2.84,Reporte
101.0,Italia,,29099.0,22776.0 err,1772.0,1235235.0,53765.0,,2.32,
,Noruega,2021.0,67704.0,16885.0,3729.0,653203.0,58098.0,,2.01,Otro
103.0,Italia,2018.0,46909.0,17520.0,3399.0,1041344.0,43506.0,265880.0,1.25,Otro
104.0,Reino Unido,,58038.0,19159.0,4830.0,1151787.0,57720.0,266158.0,2.52,Base de Datos Pública
105.0,Suecia,2017.0,56138.0,18133.0,2164.0,1076307.0,61115.0,281967.0,0.44,Otro
106.0,Noruega,2014.0,63578.0,14132.0,2832.0,1127319.0,69347.0,326945.0,1.81,Investigación
107.0,España,2022.0,45666.0,23979.0,2897.0,1011670.0,50697.0,314809.0,1.57,Otro
108.0,Suecia,2011.0,52038.0,25242.0,3791.0,851043.0,43602.0,,2.26,Investigación
109.0,Portugal,2014.0,55591.0,21718.0,2594.0,660580.0,39975.0,367700.0,2.29,Base de Datos Pública
110.0,Suecia,2017.0,58725.0,18117.0,2063.0,870886.0,38982.0,334444.0,3.46,Reporte
111.0,Francia,2019.0,61543.0,16473.0,3966.0,1535621.0,62497.0,292909.0,4.08,Reporte
112.0,Noruega,2018.0,45226.0,16481.0,,902869.0,34849.0,240805.0,1.38,Otro
,Francia,2021.0,43357.0,31786.0,3702.0,608121.0,62177.0,264272.0,4.49,Investigación
114.0,Países Bajos,2021.0,63601.0,24689.0,3609.0,1146529.0,41315.0,286914.0,1.72,Encuesta
115.0,Dinamarca,2021.0,29629.0,15799.0,2976.0,1171092.0,43147.0,341456.0,2.67,Encuesta
116.0,España,2022.0,65700.0,20823.0,2860.0,1257464.0,48484.0,298633.0,3.01,Encuesta
117.0,Suecia,2018.0,46976.0,,,1094195.0,42963.0,267190.0,,Reporte
118.0,,2022.0,,22919.0,2987.0,1169120.0,59319.0,263355.0,1.96,Reporte
119.0,Países Bajos,2022.0,43176.0,22717.0,3690.0,1368043.0,68133.0,296521.0,0.7,Investigación
120.0,España,2010.0,49518.0,25418.0,2362.0,850905.0,43425.0,344499.0,3.99,Otro
121.0,Alemania,2018.0,62711.0,15747.0,3087.0,,45677.0,379550.0,1.67,Encuesta
122.0,Suecia,2016.0,57708.0,20523.0,2105.0,781082.0,48366.0,289711.0,2.14,Investigación
123.0,Francia,2018.0,54926.0,11257.0,2204.0,946846.0,55410.0,297762.0,1.38,Investigación
124.0,Noruega,2017.0,50888.0,13713.0,2975.0,1286684.0,48465.0,239302.0,2.14,
125.0,Francia,2010.0,,,1431.0,1105613.0,63872.0,396959.0,1.66,Investigación
126.0,,2021.0,41558.0,15246.0,4648.0,1097738.0,61466.0,229949.0,3.18,Otro
127.0,Reino Unido,2017.0,46567.0,15795.0,2045.0,,38145.0,358583.0,2.58,
128.0,Suecia,2017.0,54576.0,19958.0,2967.0,861362.0,55209.0,281733.0,1.82,Otro
129.0,Portugal,2020.0,50696.0,23473.0,3934.0,632868.0,65203.0,nan err,3.5,Encuesta
130.0,Italia,2012.0,59835.0,14695.0,2309.0,1234249.0,,244499.0,2.75,Encuesta
131.0,Noruega,2010.0,54736.0,2595.0,1157.0,1317129.0,47057.0,420502.0,0.65,
132.0,Portugal,,50543.0,15648.0,,1155913.0,44719.0,311074.0,3.42,Base de Datos Pública
133.0,Portugal,2012.0,72757.0,26028.0,2300.0,802642.0,44929.0,301064.0,2.68,Base de Datos Pública
134.0,Suecia,2012.0,54062.0,,1178.0,1296404.0,33315.0,344336.0,3.89,Encuesta
,Reino Unido,2010.0,45680.0,26619.0,3227.0,949349.0,36716.0,267458.0 err,2.62,Base de Datos Pública
,Suecia,2020.0,68599.0,14340.0,,757108.0,50774.0,300092.0,1.71,Investigación
137.0,Reino Unido,2014.0,62004.0,11803.0,3913.0,807119.0,65135.0,302816.0,2.3,Reporte
,Alemania,2019.0,68160.0,22312.0,2103.0,913968.0,43866.0,274392.0,3.3,
,Noruega,2016.0,48890.0,21200.0,1720.0 err,1009915.0,43572.0,359981.0,1.73,Encuesta
140.0,España,2019.0,59763.0,21527.0,2674.0,967731.0,67015.0,289067.0,2.06,Base de Datos Pública
141.0,Dinamarca,2018.0,35471.0,24664.0,2929.0,717466.0,38917.0,222343.0,2.28,Otro
142.0,España,2021.0,,22108.0,3737.0,1242663.0,33387.0,284925.0,1.35,Reporte
,Portugal,2016.0,48422.0,22028.0,4128.0,969878.0,41714.0,312458.0,1.74,Otro
144.0,Italia,2018.0,36449.0,,3971.0,857249.0,43372.0,255325.0,2.67,Encuesta
145.0,Alemania,2017.0,60326.0,22512.0,3221.0,1222060.0,32525.0,259270.0,3.7,Base de Datos Pública
146.0,España,2021.0,31898.0,24287.0,3639.0,763318.0,48719.0,272687.0,2.82,Otro
147.0,España,2011.0,30872.0,25042.0,2487.0,674221.0,59484.0,361061.0,2.45,Otro
148.0,Italia,2010.0,53624.0,,3134.0,1254497.0,37140.0,275642.0,1.67,Reporte
149.0,Italia,2016.0,55713.0,16754.0,2046.0,1378277.0,50875.0,371455.0,3.6,Reporte
150.0,España,2016.0,59705.0,22402.0,3050.0,907580.0,53959.0,269252.0,2.93,Base de Datos Pública
151.0,Países Bajos,2023.0,57419.0,18148.0,3070.0,990805.0,49166.0,316250.0,1.79,Reporte
152.0,Francia,2017.0,64766.0,15832.0,4377.0,770667.0,,277687.0,3.4,Otro
153.0,Italia,2014.0,57002.0,16552.0,2816.0,1001098.0,,337704.0,3.06,Otro
154.0,Francia,2012.0,48677.0,,3072.0,904858.0,41872.0,244086.0,1.69,Encuesta
155.0,Noruega,2021.0,49263.0,22091.0,3189.0,979574.0,64985.0,,2.4,
156.0,Alemania,2017.0,47177.0,22002.0,2636.0,1081851.0,62477.0,305693.0,,Base de Datos Pública
157.0,Países Bajos,2015.0,52954.0,18871.0,2358.0,780370.0,61899.0,268000.0,5.13,Investigación
158.0,Italia,2020.0,39026.0,20017.0,4039.0,927637.0,60136.0,291688.0,3.03,Encuesta
159.0,Noruega,2012.0,53409.0,,2215.0,639243.0,34250.0,376692.0,2.69,Encuesta
160.0,Reino Unido,,49135.0,,1937.0,929002.0,59260.0,306892.0,2.97 err,Base de Datos Pública
161.0,Portugal,2012.0,52756.0,20123.0,3544.0,981313.0,56556.0,264863.0,3.88,Base de Datos Pública
162.0,Francia,2014.0,52787.0,20449.0,3926.0,1045796.0,,239765.0,2.42,Reporte
163.0,Países Bajos,2023.0,25477.0,23766.0,2638.0,1047915.0,47850.0,325270.0,1.91,Encuesta
164.0,Países Bajos,2012.0,,13248.0,2651.0,,52767.0,309792.0,3.34,Reporte
165.0,Alemania,2010.0,48913.0,27475.0,3226.0,692066.0,66643.0,334751.0 err,2.33,Otro
166.0,Francia,2014.0,49445.0,21068.0,2433.0,702744.0,57247.0,226888.0,1.43,Encuesta
167.0,Reino Unido,2019.0,52593.0,,2374.0,1105791.0,41354.0,241386.0,1.24,Encuesta
168.0,Alemania,2016.0,53023.0,17993.0,3703.0,592207.0,66953.0,357343.0,4.03,Investigación
169.0,Países Bajos,2023.0,65162.0,22690.0,3485.0,1036660.0,50437.0,316567.0,2.63,Encuesta
170.0,España,2016.0,53124.0,20239.0,4048.0,763941.0,47441.0,326670.0,1.91 err,Otro
171.0,Reino Unido,2020.0,46869.0,26044.0,1997.0,1314562.0,,251865.0,2.27,Reporte
172.0,Países Bajos,2018.0,34008.0,12792.0,2598.0,1050090.0,33764.0,250950.0,3.31,Reporte
173.0,Suecia,2019.0,36314.0,20877.0,3224.0,,48902.0,349562.0,2.21,Investigación
174.0,Suecia,2019.0,55354.0,22042.0,,1245544.0,54974.0,351918.0,1.05,Otro
175.0,Italia,,60604.0,19068.0,3513.0,787319.0,46146.0,,2.83,Reporte
176.0,,2022.0,65413.0,17976.0,3979.0,825318.0,54204.0,236031.0,3.71,Base de Datos Pública
177.0,Países Bajos,2012.0,41721.0,18185.0,2533.0,747709.0,41356.0,294570.0,3.64,Otro
178.0,Italia,2016.0,46961.0,20873.0,3030.0,826992.0,48590.0,260032.0,1.94,Otro
179.0,Alemania,2010.0,52423.0,10950.0,4164.0,1012223.0,53165.0,258991.0,3.77,Investigación
180.0,Reino Unido,2013.0,70473.0,24825.0,4439.0,1098790.0,51896.0,237431.0,2.71,Reporte
181.0,Países Bajos,2022.0,51148.0,17599.0,3596.0,1192284.0,33945.0,276578.0 err,3.74,Otro
182.0,Alemania,2013.0,65512.0,20639.0,3474.0,635055.0,45609.0,242265.0,3.07,Reporte
183.0,Países Bajos,2023.0,51699.0,21835.0,2317.0,965627.0,66774.0,245229.0,0.98,Base de Datos Pública
184.0,España,2014.0,,17370.0,3287.0 err,778367.0,45075.0,314919.0,4.25,Investigación
185.0,Portugal,2016.0,60265.0,19344.0,3445.0,,50158.0,,2.55,Base de Datos Pública
,Dinamarca,2016.0,51660.0,9823.0,2831.0,1466832.0,49132.0,,3.08,Investigación
187.0,Suecia,2022.0,39796.0,23660.0,2524.0,1058372.0,65682.0,217548.0,1.16,Otro
188.0,Portugal,2020.0,47309.0,25400.0,1974.0,1179892.0,62903.0,300494.0,3.01,Investigación
189.0,Alemania,2022.0,64890.0,11495.0,1609.0,1392138.0,58075.0,403781.0,3.6,Encuesta
190.0,Dinamarca,,58778.0,17967.0,1441.0,1225471.0,40267.0,281386.0,4.44,Reporte
191.0,Portugal,2022.0,45663.0,13850.0,3463.0,910417.0,53591.0,341237.0,3.9,Reporte
192.0,España,2016.0,46576.0,19111.0,3118.0,,55679.0,340800.0,3.05,Encuesta
193.0,Suecia,2020.0,32691.0,23243.0,2612.0,993971.0,43013.0 err,343259.0,0.96,
194.0,Noruega,2012.0,64443.0,24936.0,2734.0,886458.0,41294.0,308333.0,2.63,Encuesta
195.0,Alemania,2015.0,58860.0,25609.0,3168.0,695095.0,67050.0,328304.0,1.91,Otro
196.0,Suecia,2021.0,48629.0,26552.0,2868.0,1048184.0,46991.0,334950.0,2.73,Otro
197.0,Portugal,2011.0,52001.0,18887.0,1927.0,1053177.0,66149.0 err,331772.0,1.28,Reporte
198.0,Noruega,2019.0,28291.0,14265.0,3730.0,1353823.0,59970.0,244129.0,2.29,Otro
199.0,Francia,2022.0,45132.0,19427.0,3243.0 err,927647.0,54078.0,214630.0,1.98,Reporte
200.0,Suecia,2023.0,63344.0,23166.0,3212.0,1056024.0,54525.0,222320.0,1.95,Encuesta
201.0,Francia,2018.0,59815.0,13863.0,3670.0,866902.0,35995.0,286492.0,1.96,
202.0,,2014.0,53307.0 err,28300.0,2349.0,1174633.0,52067.0,329696.0,2.36,Encuesta
203.0,Reino Unido,2015.0,49852.0,24489.0,3970.0,975076.0 err,64170.0,244779.0,2.79,Reporte
204.0,Países Bajos,2021.0,57964.0,18967.0,2887.0,765481.0,56813.0,346198.0,0.0,Encuesta
205.0,Dinamarca,2021.0,47186.0,16445.0,3710.0,997305.0,51543.0,274886.0,0.12,Encuesta
206.0,Noruega,2021.0,33353.0,16654.0,3587.0,1078104.0,67119.0,275362.0,2.16,Base de Datos Pública
207.0,Noruega,2021.0,49938.0,20371.0,2168.0,1051054.0,48149.0,258194.0,2.3,Encuesta
208.0,Suecia,2013.0,54031.0,18852.0,,1209179.0 err,43804.0,205760.0,2.69,Otro
209.0,Países Bajos,2023.0,61226.0,24752.0,3261.0,710388.0,51538.0,311465.0 err,1.77 err,Reporte
210.0,Reino Unido,2023.0,35588.0,18285.0,,831451.0,57664.0,385633.0,2.51,Base de Datos Pública
211.0,Portugal,2020.0,48770.0,22527.0,2924.0,1127957.0,32822.0,296866.0,2.63,Investigación
212.0,Italia,2019.0,49246.0,19855.0,2931.0,854946.0,52848.0,207468.0,1.77,Reporte
213.0,Alemania,2016.0,38987.0,21348.0 err,3650.0,1048094.0,58103.0,339017.0,3.51,Otro
214.0,Reino Unido,2021.0,54876.0,18849.0,3462.0,516050.0,47303.0,218760.0,2.68,Reporte
215.0,Noruega,2018.0,57473.0,23538.0,,1543189.0,61069.0,239548.0,3.05,Otro
216.0,Italia,2016.0,47093.0,23612.0,1806.0,946056.0,56411.0,288083.0,2.57,Otro
217.0,Noruega,2023.0,70550.0,22299.0,3395.0,1238791.0,71413.0,306142.0,4.6,Investigación
218.0,Países Bajos,2010.0,46806.0,23037.0,3578.0,932620.0,42493.0,249566.0,3.1,Reporte
219.0,Países Bajos,2010.0,nan err,15278.0,4840.0,1082939.0,58307.0,286134.0,2.01,Investigación
220.0,Suecia,2018.0,45243.0,21616.0,3860.0,1298383.0,39826.0,335758.0,3.32,Investigación
221.0,Portugal,2020.0,,26246.0,1480.0,1233161.0,33846.0,342608.0,0.86,Reporte
222.0,España,2023.0,44409.0,22457.0,3062.0,959109.0,29644.0,362572.0,2.62,Encuesta
223.0,Noruega,2018.0,35659.0,14846.0,4449.0,972949.0,55383.0,395470.0,2.82,Encuesta
224.0,Portugal,2013.0,48084.0,19751.0,3498.0,1200713.0,51842.0,340494.0,2.63,Investigación
225.0,Francia,2022.0,50574.0,21874.0,3262.0,1466648.0,45209.0,289163.0,2.17,Base de Datos Pública
226.0,Noruega,2018.0,27171.0,16213.0,3720.0,1038456.0,32264.0,342965.0,1.49,Investigación
227.0,Italia,2012.0,48980.0,13208.0,2502.0,1391412.0,43096.0,323335.0,1.71,Investigación
228.0,Portugal,2016.0,50421.0,18419.0,3382.0,951717.0,50040.0,325318.0,2.6,Investigación
229.0,Reino Unido,2015.0,55145.0,16295.0,2799.0,1190392.0,57931.0,308860.0,1.39,Encuesta
230.0,Portugal,2017.0,62046.0,19928.0,2984.0,1220231.0,49834.0,254397.0,,Encuesta
231.0,Reino Unido,2020.0,58513.0,12042.0,3662.0,918007.0,52520.0,248595.0,-0.14,Encuesta
232.0,Países Bajos,2018.0,43796.0,22823.0,2258.0,850584.0,46238.0,295144.0,2.18,Investigación
233.0,Reino Unido,,42635.0,16826.0,,1229077.0,,307445.0,2.61,Base de Datos Pública
234.0,Dinamarca,2014.0,55795.0,24978.0,2661.0,893688.0,39817.0,266027.0,3.01,Encuesta
235.0,España,,44527.0,18615.0,3208.0,821130.0 err,43007.0,321167.0,1.58,Reporte
236.0,Dinamarca,2012.0,37719.0,19873.0,1879.0,863208.0,45076.0,404038.0,3.63,Reporte
237.0,Italia,2019.0,73741.0,19134.0,3575.0,892877.0,55427.0,212783.0,1.11,Reporte
238.0,Alemania,2021.0,46892.0,16559.0,4157.0,1171323.0,39611.0,329112.0,1.93,Otro
239.0,Italia,2017.0,43734.0,32361.0,2588.0,1103008.0,51357.0,,3.12,Investigación
240.0,Suecia,2020.0,,17520.0,2111.0,1143131.0,51649.0,322532.0,3.54,Reporte
241.0,Noruega,2015.0,58514.0,25117.0,3222.0,1084275.0,43056.0,278464.0,1.1,Investigación
242.0,Dinamarca,2017.0,40120.0,14531.0,4163.0,881231.0,53299.0,292697.0,,Reporte
243.0,Italia,2018.0,50286.0,21860.0,,1139420.0,39921.0,306475.0,1.6,Base de Datos Pública
244.0,Noruega,2013.0,59686.0,22394.0,2114.0,1236490.0,38829.0,284918.0,1.19,Investigación
,Noruega,2010.0,,19879.0,2636.0,1116900.0,50996.0,223972.0,3.0,Reporte
,Noruega,2023.0,50794.0,17144.0,2343.0,1089931.0,33402.0,288304.0,2.15,Encuesta
247.0,España,2010.0,65237.0,18683.0,2346.0,846589.0,28551.0,229178.0,2.0,
248.0,Alemania,2019.0,25432.0,17983.0,,1042363.0,55328.0 err,332659.0,3.1,Otro
249.0,Reino Unido,2013.0,41894.0,32010.0,3471.0,835951.0,60489.0,206722.0,0.97,Encuesta
250.0,Italia,2021.0,,19886.0,3270.0,995194.0,45331.0,,0.8,Encuesta
251.0,Suecia,2023.0,48130.0,22624.0,1640.0,671946.0,43319.0,321478.0,1.9,Otro
252.0,Italia,2016.0,49522.0,,4165.0,673488.0,60055.0,321669.0,,Encuesta
253.0,Reino Unido,2011.0,39387.0,15618.0,4344.0,961790.0 err,38544.0,,1.95,Encuesta
254.0,Países Bajos,2012.0,43456.0,20188.0,2399.0,890312.0,36366.0,283570.0,4.1 err,Reporte
,Portugal,2010.0,42267.0,18654.0,3933.0,1021357.0,57076.0,357678.0,3.7,Reporte
256.0,Noruega,,46492.0,19569.0,,973046.0,50090.0,274069.0,2.78,Investigación
257.0,Dinamarca,2010.0,52182.0,19104.0,3144.0,1006038.0,60648.0,246096.0,2.84,Investigación
258.0,Dinamarca,2017.0,59105.0,16340.0,2331.0,,28597.0,268166.0,2.78,Investigación
259.0,Portugal,2010.0,60553.0,20977.0,,907346.0,35993.0,296586.0,2.66,Reporte
260.0,Suecia,2020.0,56536.0,14686.0,2763.0,956111.0,50143.0,257431.0,2.13,Investigación
261.0,Dinamarca,2010.0,41260.0 err,24944.0,3101.0,1291004.0,54176.0,361690.0,2.25,Encuesta
262.0,,2011.0,49967.0,23116.0,2449.0,,58469.0,296766.0,1.43,
263.0,Portugal,2011.0,73743.0,17532.0,4489.0,964157.0,51748.0,272221.0,0.29,Investigación
264.0,Noruega,2021.0,60145.0,17775.0,4509.0,1016502.0,51646.0,234932.0,3.6,Encuesta
265.0,Reino Unido,2015.0,45594.0,21377.0,4304.0,967727.0,46105.0,324222.0,2.66,Investigación
266.0,Reino Unido,2016.0,65820.0,16007.0,3765.0,858085.0,65909.0,,2.51,Base de Datos Pública
267.0,Reino Unido,2014.0,46119.0,29059.0,2500.0,800394.0,38969.0,260389.0,2.9,Investigación
268.0,Italia,2010.0,43315.0,21789.0,3662.0,847313.0,53590.0,188183.0,1.67,Base de Datos Pública
269.0,Alemania,2010.0,63957.0,21966.0,2994.0,1174583.0,40121.0,320538.0,1.5,Investigación
270.0,Italia,2012.0,36903.0,23407.0,4049.0,874018.0,55347.0,290659.0,2.22,Otro
271.0,Portugal,2023.0,30862.0,17102.0,3892.0,969015.0,39629.0,,3.87,Investigación
272.0,Alemania,2011.0,59412.0,25445.0,2480.0,,57438.0,397858.0,1.33,Reporte
273.0,Dinamarca,2014.0,50276.0,20572.0,3758.0,944321.0,51121.0,298658.0,-0.13,Reporte
,Francia,2021.0,51273.0,24750.0,3545.0,1126672.0,67446.0,274308.0,1.98,Base de Datos Pública
275.0,Italia,2019.0,46385.0,19010.0,781.0,691841.0,47189.0,242633.0,3.64,Reporte
276.0,Italia,2015.0,47615.0 err,26586.0 err,3640.0,973496.0,54249.0,284378.0,0.77,Encuesta
277.0,Noruega,2016.0,45418.0,22006.0,2654.0,1015779.0,42203.0,308028.0,1.32,Otro
278.0,Reino Unido,2013.0,43740.0,,2291.0,1004627.0,47121.0,302665.0,2.76,Otro
279.0,Países Bajos,2016.0,46180.0,18152.0,2325.0,,51057.0,386173.0,5.07,Encuesta
280.0,Dinamarca,2020.0,45865.0,21022.0,2891.0,1240622.0,34727.0,324954.0,1.14,Base de Datos Pública
281.0,Países Bajos,2017.0,41714.0,14842.0,3384.0,829065.0,35823.0,293259.0,1.1,Encuesta
282.0,Reino Unido,2020.0,44548.0,17353.0,1907.0,1067007.0,55998.0,264671.0,,Encuesta
283.0,Alemania,2010.0,24972.0,23093.0 err,3151.0,1001592.0,48539.0,313333.0,3.7,Otro
284.0,Italia,2015.0,56846.0,25646.0,3461.0,1200741.0,44070.0,254649.0,1.88,
285.0,Reino Unido,2017.0,53902.0,34825.0,4489.0,1437497.0,,308991.0,,Otro
286.0,Italia,2014.0,49150.0,19516.0,2138.0,741927.0,43015.0,324370.0,2.93,Otro
287.0,Portugal,2013.0,52373.0,15333.0,2720.0,870217.0,51125.0,289177.0,,Reporte
288.0,Francia,2011.0,52735.0,23766.0,3209.0,1037818.0,54450.0,268485.0,4.28,Encuesta
289.0,Reino Unido,2015.0,42759.0,14360.0,3917.0,778929.0,29078.0,190735.0,3.16,Otro
290.0,España,2015.0,44674.0,22821.0,2756.0,1156436.0,64128.0,357191.0,3.33,Encuesta
291.0,Dinamarca,2020.0,55283.0,17488.0,3958.0,1168674.0,63417.0,320165.0,2.24,Reporte
,Francia,2010.0,52075.0,21057.0,1450.0,1111889.0 err,26693.0,321380.0,4.94,Encuesta
293.0,,2018.0,70433.0,25455.0,1997.0,1047316.0,60859.0,,2.1,Otro
294.0,España,2021.0,66196.0,19446.0,3278.0 err,1273941.0,60552.0,368991.0,1.89,Encuesta
295.0,España,2020.0,,24664.0,1871.0,768874.0,,276739.0,,Reporte
296.0,Dinamarca,2015.0,42382.0,24365.0,,,37028.0,285560.0,1.03,Investigación
297.0,Reino Unido,2022.0,44354.0,10678.0,2577.0,852239.0,60152.0,246535.0,0.65,Encuesta
298.0,Francia,2012.0,39979.0,15491.0,3617.0,1177983.0,47587.0 err,210652.0,2.62,Otro
299.0,,2013.0,52797.0,12190.0,1483.0,633331.0,55488.0,,2.5,Reporte
300.0,Alemania,2021.0,22590.0,30008.0,3136.0,994383.0,72192.0,364329.0,2.27,Otro
,España,2020.0,45413.0,19473.0,3826.0,1067047.0,52518.0,291723.0,3.49,Otro
302.0,Países Bajos,2013.0,46932.0,28904.0,2844.0,810501.0,40831.0,266030.0,1.59,Encuesta
303.0,Reino Unido,2012.0,34757.0,11835.0,2704.0,874761.0,46642.0,281147.0,2.56,Otro
304.0,Noruega,2019.0,,17136.0,3321.0,1003075.0,42105.0,282519.0,2.14,Encuesta
305.0,Noruega,2012.0,38608.0,24002.0,2846.0,,54334.0,240007.0,1.61,Investigación
306.0,Noruega,2012.0,52677.0,20896.0,4112.0,793426.0,41939.0,285387.0,2.44,Otro
307.0,Portugal,2013.0,77837.0,22664.0,2110.0,828310.0,45271.0,307655.0,3.35,Otro
308.0,Francia,2016.0,33889.0,nan err,2958.0,1225117.0,37155.0,350907.0,4.62,Otro
309.0,España,2013.0,48514.0,26884.0,3164.0,945404.0,48679.0,300712.0,3.08,Base de Datos Pública
310.0,Reino Unido,2018.0,45925.0,23885.0,2697.0,844492.0,51767.0,221182.0,-0.01,Base de Datos Pública
311.0,Noruega,2010.0,43980.0,22008.0,702.0,1145736.0,23152.0,317677.0,2.46,Reporte
312.0,Alemania,2017.0,57602.0,16571.0,2871.0,902360.0,52595.0,287203.0,2.55,Base de Datos Pública
313.0,Alemania,2016.0,61063.0,21619.0,3720.0,1205484.0,49542.0,368520.0,3.44,Reporte
314.0,Suecia,2011.0,57716.0,18542.0,3622.0,867255.0,42350.0,371472.0,2.68,Base de Datos Pública
315.0,Noruega,2017.0,42766.0,11747.0,3283.0,968081.0,70286.0,373222.0,3.75,Investigación
316.0,Alemania,2010.0,74338.0,19747.0,2121.0,1188994.0,59584.0,271920.0,2.89,Reporte
317.0,Países Bajos,2020.0,32297.0,19216.0,3316.0,954747.0,39035.0,399492.0,4.06,Base de Datos Pública
318.0,España,2021.0,39673.0,25312.0,2541.0,1151210.0,58382.0,317547.0,2.06,Investigación
319.0,Francia,2018.0,51697.0,8827.0,3282.0,986890.0,62444.0,381319.0,2.64,Base de Datos Pública
320.0,Francia,2018.0,50893.0,21175.0,3097.0,1396338.0,51320.0,274869.0,3.33,Encuesta
321.0,Países Bajos,2011.0,,14222.0,2218.0,1313755.0,53614.0 err,285070.0,1.93,Encuesta
322.0,Reino Unido,2016.0,65801.0,21596.0,2286.0,734380.0,53383.0,313701.0,1.71,Investigación
323.0,Alemania,2023.0,48801.0,21871.0,3284.0,1104448.0,29141.0,307593.0,1.87,Otro
324.0,Italia,2019.0,51137.0,19565.0,2823.0,836719.0,48131.0,362740.0,1.75,Otro
325.0,Alemania,2012.0,,,2327.0,1038301.0,47610.0,288393.0,3.02,Encuesta
326.0,Dinamarca,2016.0,55883.0,13771.0,2261.0,1013674.0,64301.0,358230.0,0.67,Encuesta
327.0,Suecia,2021.0,,25538.0,2756.0,788922.0,53337.0,336611.0,0.94,Otro
328.0,Países Bajos,2019.0,46809.0,16459.0,4254.0,1211696.0,47023.0,289330.0,4.36,Reporte
329.0,Países Bajos,2018.0,55434.0,12220.0,2579.0,1040660.0,,332733.0,1.77,Otro
330.0,Países Bajos,2013.0,60349.0,18638.0,2988.0,943063.0,60233.0,276336.0,2.7,Base de Datos Pública
331.0,Italia,2021.0,27918.0,9524.0,3081.0,912378.0,48154.0,417510.0,1.01,Reporte
332.0,Dinamarca,2010.0,53607.0,21270.0,,1027955.0,43018.0,166783.0,2.59,Base de Datos Pública
333.0,Suecia,2011.0,47297.0,18703.0,1589.0,1081585.0,47242.0,333647.0,1.78,Encuesta
334.0,Noruega,2010.0,,26168.0,2178.0,975004.0,59406.0,211770.0,0.94,Reporte
335.0,Noruega,2023.0,47498.0,23244.0,3197.0,433496.0,54961.0,288717.0,3.84,Base de Datos Pública
336.0,Reino Unido,2021.0,63010.0,13040.0,3069.0,1003378.0,50442.0,295719.0,3.68,Base de Datos Pública
337.0,Países Bajos,2014.0,43235.0,15808.0,3561.0,711703.0,51915.0,375381.0,2.39,Reporte
338.0,Suecia,2014.0,27696.0,22603.0,3077.0 err,958109.0,,265392.0,3.5,Investigación
339.0,Reino Unido,2020.0,60515.0,24235.0,2912.0,719087.0,48060.0,365400.0,4.4,Otro
340.0,Países Bajos,2016.0,,26112.0,2516.0,716700.0,43366.0,,3.25,Base de Datos Pública
341.0,Países Bajos,,34197.0,26072.0,3707.0,1247024.0,47052.0,367333.0,2.98,Otro
342.0,España,2018.0,50160.0,19552.0,2264.0,935981.0,63461.0,276282.0,2.7,Otro
343.0,Países Bajos,2012.0,47608.0,21813.0,2111.0,920667.0,39221.0,303671.0,3.15,Encuesta
344.0,Alemania,2012.0,58231.0,26493.0,3453.0,1096504.0,43112.0,283181.0,2.14,Otro
345.0,Italia,2012.0,58924.0,18483.0,1933.0,925881.0,37457.0,364118.0,2.22,Base de Datos Pública
346.0,Italia,2013.0,50956.0,21898.0,4931.0,1420761.0,35290.0,354386.0,2.95,Encuesta
347.0,Reino Unido,2017.0,41151.0,18365.0,3063.0,945396.0,48132.0,322175.0,2.03,Reporte
348.0,Alemania,2015.0,52869.0,17245.0,3278.0,1073025.0,43823.0,242406.0,2.13,Base de Datos Pública
349.0,,2017.0,51651.0,20241.0,2353.0,1194188.0,67616.0,,2.5,Encuesta
350.0,Italia,2010.0,55689.0,16562.0,2747.0,1320450.0,47171.0,248571.0,3.65,Encuesta
351.0,Francia,2017.0,41251.0,19345.0,2658.0,851598.0,62893.0,,1.37,Otro
352.0,Dinamarca,,45996.0,14825.0,2566.0,916407.0,59680.0,363065.0,3.26,Reporte
353.0,Alemania,2020.0,55093.0,19050.0,3506.0,1254918.0,47910.0,283608.0,3.29,Base de Datos Pública
354.0,Francia,2010.0,62473.0,22241.0,2640.0,1162012.0,71101.0,283075.0,3.29,
355.0,España,2017.0,59659.0,17056.0,3814.0,1215035.0,52685.0,374805.0,1.69,Otro
356.0,Suecia,2013.0,50820.0,20046.0,5130.0,726259.0,65130.0,276200.0,0.81,Reporte
357.0,Noruega,2015.0,45126.0,20696.0,2763.0,1309599.0,63965.0,257976.0,3.06,Base de Datos Pública
358.0,Países Bajos,2017.0,54038.0,22262.0,3121.0,847718.0,54146.0,288762.0,2.69,Reporte
359.0,,2013.0,39086.0 err,19332.0,3303.0,1038458.0,57511.0,243366.0,3.5,Base de Datos Pública
360.0,Reino Unido,2023.0,41829.0,25429.0,4449.0,970355.0,56240.0,317217.0,1.8,Otro
361.0,,2012.0,65097.0,9495.0,2933.0,824303.0,38557.0,,3.26,Investigación
362.0,Italia,2023.0,54020.0,34688.0,2336.0,717492.0,50572.0,274636.0,3.55,
363.0,Reino Unido,2018.0,46524.0,15644.0,1986.0,651230.0,60742.0,270304.0,2.4,Encuesta
364.0,Reino Unido,2012.0,58291.0,22016.0,2953.0,1023803.0,65261.0,294688.0,2.92,Encuesta
365.0,Noruega,2018.0,62869.0,15307.0,2641.0,694936.0,42793.0,304174.0,,Investigación
366.0,Alemania,2022.0,45553.0,23221.0,4608.0,773236.0,55288.0,274001.0,1.68,Base de Datos Pública
367.0,Italia,2011.0,45725.0,21382.0,,956392.0,51508.0,282061.0,3.03,Encuesta
368.0,Reino Unido,2023.0,44473.0,16746.0,2172.0,472238.0,nan err,295923.0,4.12,Encuesta
369.0,Países Bajos,2011.0,,25365.0,2431.0,1155795.0,53560.0,290879.0,2.52,Base de Datos Pública
370.0,Italia,2011.0,59735.0,19180.0,3059.0,518022.0,52179.0,301553.0,1.04,Reporte
371.0,Suecia,2015.0,63859.0,22736.0,4117.0,984525.0,55414.0,266166.0,1.81,Base de Datos Pública
372.0,Alemania,2012.0,60086.0,15414.0,3045.0,1003003.0,64417.0,350229.0,0.72,Reporte
373.0,,2022.0,33677.0,19845.0,2482.0 err,1107612.0,57841.0,304841.0,3.79,Investigación
374.0,,2018.0,52809.0,30017.0,2952.0,991663.0,53105.0,274807.0,3.26,Otro
375.0,Francia,2013.0,39416.0,24814.0,2497.0,1403581.0,68646.0,317219.0,2.0,Investigación
376.0,Reino Unido,2010.0,44870.0,21538.0,3481.0,1043263.0,61099.0,,1.08,Otro
377.0,Francia,2013.0,51705.0,17755.0,2432.0,,49076.0,213308.0,1.67,Encuesta
378.0,Alemania,2010.0,58355.0,20337.0,2591.0,855307.0,37828.0,317047.0,1.86,Encuesta
379.0,España,2023.0,,20987.0,3929.0,1024151.0,40121.0,249024.0,2.61,Encuesta
380.0,Francia,2014.0,,22246.0,2385.0,1309514.0,59332.0,346721.0,2.58,Reporte
381.0,Reino Unido,2013.0,51805.0,14616.0,1843.0,952460.0,43696.0,287912.0,3.84,Otro
382.0,Países Bajos,2017.0,76435.0,23342.0,3075.0,1038446.0,39919.0,339003.0,1.81,Encuesta
383.0,Países Bajos,2017.0,47971.0,,2711.0,1196170.0,42419.0,268489.0,0.99,Base de Datos Pública
384.0,Reino Unido,2016.0,50469.0,28155.0,3409.0,851554.0,43126.0,303496.0,1.34,Otro
385.0,Noruega,2012.0,67821.0,16141.0,3253.0,567687.0,58506.0,360512.0,2.48,Otro
386.0,Alemania,2010.0,55902.0,21483.0,2974.0,1051114.0,48432.0,286549.0,1.77,Reporte
387.0,Noruega,2010.0,52168.0,,2951.0,1197733.0,36276.0,270459.0,2.21,Investigación
388.0,Reino Unido,2021.0,,18738.0,2411.0,729710.0,50310.0,332752.0,2.05,Reporte
389.0,Suecia,2020.0,52502.0,21703.0,3066.0,1134043.0,52222.0,331783.0,3.49,Encuesta
390.0,Reino Unido,2012.0,38602.0,27175.0,3705.0,,45206.0,272562.0,1.91,Base de Datos Pública
391.0,Dinamarca,2015.0,36585.0,22822.0,2221.0,,61558.0,200726.0,2.12,Base de Datos Pública
392.0,Dinamarca,2016.0,68868.0,21777.0,2995.0 err,812742.0,45790.0,269498.0,3.22,
393.0,Noruega,2015.0,51838.0,11576.0,3830.0,920834.0,61083.0,333867.0,1.94,Base de Datos Pública
394.0,Noruega,2023.0,51000.0,15331.0,3404.0,964075.0,55967.0,261248.0,2.92,Reporte
395.0,Alemania,2023.0,49097.0,25234.0,4047.0,,59266.0 err,299453.0,2.83,Reporte
396.0,Países Bajos,2015.0,57810.0,22849.0,2545.0,840599.0 err,39014.0,267125.0,2.64,
397.0,España,2015.0,75386.0,23607.0,1535.0,1334296.0,50983.0,203391.0,1.37,Base de Datos Pública
398.0,Suecia,2022.0,55239.0,23176.0,3160.0,978488.0,49471.0,266225.0,3.73,Otro
399.0,Portugal,,44119.0,26448.0,3290.0,860991.0,35779.0,333656.0,,Investigación
,Países Bajos,2015.0,48665.0,18693.0 err,,991766.0,61050.0,181487.0,2.51,Otro
401.0,Reino Unido,2017.0,60709.0,20602.0,3950.0,1107418.0,41825.0,312608.0,1.45,Reporte
402.0,España,2020.0,44171.0,14856.0,3429.0,1010325.0,43904.0,240696.0,2.53,Reporte
403.0,Alemania,2020.0,58522.0,13609.0,3612.0,958854.0 err,39866.0,330422.0,3.49,Reporte
404.0,,2011.0,26792.0,11781.0,2846.0,869996.0,57011.0,335715.0,1.88,Reporte
405.0,Países Bajos,2014.0,47701.0,15574.0,2024.0,867573.0,34740.0,291402.0,2.37,Investigación
406.0,Países Bajos,,56281.0,27762.0,3094.0,880438.0,56178.0,291516.0,2.84,Encuesta
407.0,España,2010.0,62701.0,,3786.0,1067762.0,60445.0,259681.0,3.7,Reporte
408.0,Reino Unido,2021.0,41815.0,18482.0,3525.0,801163.0,55371.0,232720.0,3.28,Base de Datos Pública
409.0,Países Bajos,,34972.0,13534.0,3667.0,1078653.0,57126.0,384904.0,3.32,Investigación
410.0,España,2014.0,47392.0,16995.0,2657.0,1282598.0,57595.0,256746.0,2.07,Reporte
411.0,Francia,2021.0,38745.0,20848.0,2787.0,1065141.0,40505.0,378389.0,2.9,Base de Datos Pública
412.0,,2022.0,48509.0,16499.0,3386.0,926082.0,64347.0,257024.0,1.78,Reporte
413.0,Dinamarca,2012.0,49933.0,25448.0,2562.0,740374.0,45399.0,326259.0,3.35,Encuesta
414.0,Noruega,2013.0,36808.0,27669.0,2587.0,1315621.0,49336.0,243109.0,3.65,Investigación
415.0,Reino Unido,2012.0,58044.0,8754.0,3238.0,765996.0,46673.0,326169.0,3.05,Encuesta
416.0,Francia,2010.0,48427.0,16585.0,3608.0,1169712.0,54915.0,,2.13,Investigación
417.0,Países Bajos,2010.0,60804.0,20295.0,2840.0,1127703.0,44619.0,284374.0,2.3,Reporte
418.0,Suecia,2021.0,31550.0,25630.0,2069.0 err,,50669.0,330501.0,4.31,Reporte
419.0,Noruega,2021.0,39828.0,17728.0,2411.0,947404.0 err,37646.0,276542.0,2.15,Investigación
,Alemania,2023.0,55166.0,19900.0,3162.0,632857.0,61646.0,228592.0,3.55,Base de Datos Pública
421.0,Noruega,2022.0,42008.0,14216.0,3153.0,1066013.0,56707.0,338065.0,2.84,Base de Datos Pública
422.0,Portugal,2023.0,48354.0,12336.0,3192.0,1123985.0,47077.0,242704.0,2.17,Reporte
423.0,Suecia,2014.0,50006.0,27226.0,3417.0,782183.0,45308.0,325825.0,1.16,Reporte
424.0,,2015.0,51582.0,10879.0,3004.0,968835.0,56446.0,348649.0,2.71,Encuesta
425.0,,2012.0,43224.0,31643.0,3212.0,1007572.0,42927.0,281225.0,2.59,Reporte
426.0,Alemania,2021.0,51492.0,23625.0,2963.0,1116914.0,51253.0,359117.0,4.31,Investigación
427.0,Francia,2018.0,,23399.0,3918.0,1000760.0,61613.0,324089.0,1.64,Base de Datos Pública
428.0,Portugal,2014.0,56742.0,22877.0,4145.0,,41887.0,265206.0,4.79,Base de Datos Pública
429.0,Suecia,2017.0,48851.0,18736.0,2048.0,894012.0,53686.0,370071.0,2.88,Encuesta
,Noruega,2022.0,51550.0,21960.0,2795.0,1044925.0,53157.0,242916.0,2.88,Base de Datos Pública
431.0,Reino Unido,2010.0,75699.0,19055.0 err,3026.0,1168305.0,49026.0,281164.0,1.91,Base de Datos Pública
432.0,Suecia,2023.0,38928.0,22765.0,2786.0,876472.0,,289684.0,2.81,Otro
433.0,Dinamarca,,63885.0,19831.0,4434.0,,62147.0,330261.0,2.97,Investigación
434.0,España,2012.0,23406.0,15248.0,,621105.0,44024.0,355771.0,3.44,Otro
435.0,Noruega,2021.0,nan err,15647.0,2355.0,887259.0,31879.0,nan err,1.52,
436.0,Alemania,2010.0,37593.0,15078.0,3477.0,983393.0,56405.0,311187.0,3.91,Encuesta
437.0,Portugal,2013.0,38224.0,24854.0,3216.0,,37986.0,285986.0,2.86,Encuesta
438.0,Reino Unido,,52037.0,16912.0,3243.0,753571.0,56918.0,208700.0 err,3.11,Base de Datos Pública
439.0,Portugal,2014.0,52898.0,10439.0,4446.0,1089572.0,63349.0,234292.0,2.28,
440.0,,2016.0,47451.0,21984.0,3280.0,1074218.0,56297.0,388332.0,,Otro
441.0,Suecia,2010.0,48501.0,27572.0,2757.0,1009592.0,60714.0,208196.0,2.57,Base de Datos Pública
442.0,Dinamarca,2012.0,55277.0,23865.0,1435.0,1066368.0,70200.0,260775.0,2.69,Encuesta
443.0,España,2011.0,58332.0,16983.0,2867.0,915244.0,59667.0,357230.0 err,1.11,Encuesta
444.0,Dinamarca,2018.0,36734.0,12065.0,4044.0,676527.0,53305.0,310485.0,3.29,Otro
445.0,Noruega,2019.0,46381.0,19328.0,2927.0,,66339.0,346402.0,3.5,Investigación
446.0,Suecia,2015.0,49304.0,19203.0,1207.0,,67547.0,327141.0,,Base de Datos Pública
447.0,España,2019.0,54853.0,15154.0,2601.0,1032548.0,67687.0,373479.0,,Base de Datos Pública
448.0,Italia,2012.0,42273.0,22755.0,3794.0,1008275.0,45078.0,314771.0,2.2,
449.0,Dinamarca,2017.0,49107.0,29233.0,3436.0,1109741.0 err,36459.0,333172.0,2.52,Otro
450.0,,2023.0,50299.0,21111.0 err,2328.0,883770.0,44468.0,263787.0,2.24,Otro
451.0,Países Bajos,2017.0,,20802.0,2547.0,1005336.0,57036.0,329316.0,,Encuesta
452.0,Noruega,2011.0,42716.0,15313.0,2671.0,1114418.0,51591.0,280193.0,2.72,Investigación
453.0,Noruega,2015.0,50987.0,26987.0,2469.0,983022.0,47935.0,277344.0,1.13,Otro
454.0,España,2016.0,48696.0,19624.0,1376.0,751335.0,55604.0,344736.0,1.25,Reporte
455.0,Italia,2011.0,55004.0,17105.0,3610.0,807702.0,35291.0,345081.0,-0.22 err,Base de Datos Pública
456.0,Reino Unido,,39467.0,20318.0,4005.0,1166170.0,51411.0,384422.0,3.44,Encuesta
457.0,Dinamarca,2019.0,46493.0,22359.0,1785.0,1278494.0,nan err,381163.0,2.52,Investigación
458.0,Francia,2011.0,47707.0,,3995.0,1235056.0,55493.0,345865.0,3.55,Encuesta
459.0,Reino Unido,2019.0,58138.0 err,26030.0,2917.0,1046431.0,56918.0,213977.0,1.36,
460.0,Noruega,2010.0,40595.0,21919.0,3980.0,759373.0,65973.0,391384.0,2.52,Otro
461.0,Noruega,2017.0,52346.0,18580.0,3030.0,998729.0,49338.0,345898.0,2.71,Reporte
462.0,Alemania,2010.0,52527.0,22005.0,3108.0,1312451.0,43469.0,261706.0,1.94,Base de Datos Pública
463.0,España,2018.0,66463.0,22498.0,3297.0,1123697.0,,336445.0,0.95,Investigación
464.0,Países Bajos,,39929.0,13518.0,,958504.0,61711.0,248136.0,4.25,Encuesta
465.0,Italia,2015.0,43427.0,25747.0,,1125725.0,55582.0,330931.0,3.9,Base de Datos Pública
,Francia,,40626.0,,2102.0,746120.0,48396.0,234186.0,2.12,Otro
467.0,Reino Unido,,33302.0,18623.0,,860865.0,,259589.0,,Base de Datos Pública
468.0,Dinamarca,2019.0,67646.0,23756.0,3419.0,783161.0,37232.0,335496.0,,Encuesta
469.0,España,2016.0,37584.0,23735.0,2592.0,1093914.0,61129.0,353644.0,1.5,Base de Datos Pública
470.0,Dinamarca,2019.0,41836.0,16495.0,3622.0,1142820.0,60776.0,316271.0,4.33,Otro
471.0,Suecia,2012.0,63157.0,24014.0,4100.0,969234.0,36883.0,285691.0,0.84,Base de Datos Pública
472.0,Alemania,2011.0,32468.0,17197.0,3810.0,825414.0,58676.0,194256.0,2.21 err,Investigación
473.0,Italia,2018.0,57563.0,29097.0,1451.0,996050.0,,289548.0,2.58,Base de Datos Pública
474.0,Alemania,2017.0,35869.0,,3100.0,902684.0,39780.0,326674.0,4.15,Investigación
475.0,Noruega,2022.0,62466.0,21197.0,3822.0,840765.0,37939.0,284161.0,3.4,Base de Datos Pública
476.0,Alemania,2021.0,28301.0,16089.0,1946.0,1067798.0,53734.0,298871.0 err,0.83,Otro
477.0,Francia,2019.0,32465.0,31113.0,3578.0,848401.0,46022.0,290719.0,2.5,Reporte
478.0,Noruega,2016.0,44550.0,13810.0,3533.0,686730.0,68199.0,283914.0,2.52,Reporte
479.0,Reino Unido,2018.0,59718.0,22621.0,2030.0,731177.0,59525.0,303793.0,2.27,Investigación
480.0,Dinamarca,2013.0,49690.0,16325.0,3667.0,679347.0,54736.0,286365.0,3.12,Investigación
481.0,Reino Unido,2022.0,46642.0,18229.0,3218.0,1049502.0,55230.0,372164.0,1.09,Reporte
482.0,Suecia,2013.0,63460.0,22267.0,,1030081.0,63308.0,189679.0,2.09,Otro
,Noruega,2010.0,71552.0,26122.0,2226.0,1020104.0,58465.0,272707.0,,Otro
484.0,Noruega,2017.0,56722.0,28116.0,3120.0,1117546.0,54997.0,256487.0,3.18,Base de Datos Pública
,Italia,2023.0,43771.0,12315.0,1636.0,1238391.0,40197.0,310955.0,2.65,Investigación
486.0,Noruega,2023.0,45818.0,21338.0,1178.0,881546.0,80619.0,303857.0,2.21,Otro
487.0,Dinamarca,,37115.0,27297.0,3112.0,1081295.0,38968.0,381109.0,2.38,Encuesta
488.0,Francia,2012.0,51008.0,11573.0,3880.0,684076.0,46874.0,397557.0,,Base de Datos Pública
489.0,Suecia,,33704.0,21571.0,3202.0,1275741.0,,261345.0,2.53,Base de Datos Pública
490.0,Italia,2021.0,55518.0 err,19989.0,2949.0,751033.0,,300025.0,1.46,Reporte
491.0,Países Bajos,2011.0,70055.0,22072.0,2849.0,857983.0,51511.0,309815.0,,Investigación
492.0,Dinamarca,2011.0,57175.0,16138.0,2245.0,880458.0,57652.0,260109.0,1.01,Otro
493.0,Francia,2016.0,45308.0,12821.0,2822.0,694745.0,32609.0,331419.0,3.96,Otro
494.0,Alemania,2015.0,55269.0,10434.0,3337.0,1006515.0,61129.0,,3.31,Base de Datos Pública
495.0,Reino Unido,2012.0,66205.0,24881.0,2651.0,1042780.0,41925.0,246618.0,2.39,Investigación
496.0,Suecia,2018.0,65704.0,25520.0,3600.0,962117.0,48509.0,286021.0,2.05,Investigación
497.0,Portugal,2019.0,39962.0,21513.0,3156.0,691950.0,59315.0,250116.0,1.93,Investigación
498.0,Dinamarca,2023.0,55102.0,17329.0,3253.0,1396677.0,52612.0,351832.0,3.59 err,Reporte
499.0,,2022.0,48418.0,11884.0,3710.0,1109846.0,53319.0,395077.0,4.4,Otro
500.0,España,2015.0,58065.0,22816.0,,1526844.0,57991.0,312240.0,1.89,Investigación
